{
  "pair": "eurusd",
  "horizon": 15,
  "timestamp": "2025-12-09T18:29:48.237868",
  "overall_accuracy": 0.7689994738029016,
  "overall_auc": 0.8505357032923305,
  "base_model_aucs": {
    "lightgbm": 0.8418341565428682,
    "xgboost": 0.8432118491083406,
    "catboost": 0.8510046427840556,
    "elasticnet": 0.45783290736164695
  },
  "gating_results": {
    "tau_55": {
      "accuracy": 0.7815709350202716,
      "coverage": 0.9530030820115764,
      "n_signals": 63389
    },
    "tau_60": {
      "accuracy": 0.794802256126982,
      "coverage": 0.9036006915733293,
      "n_signals": 60103
    },
    "tau_65": {
      "accuracy": 0.8087210330797806,
      "coverage": 0.8498834849282116,
      "n_signals": 56530
    },
    "tau_70": {
      "accuracy": 0.8252354982647496,
      "coverage": 0.7884236638352251,
      "n_signals": 52442
    }
  },
  "recommended_threshold": "tau_70",
  "oof_samples": 66515
}