{
  "pair": "eurusd",
  "split_id": 0,
  "results": {
    "h15": {
      "lightgbm": {
        "accuracy": 0.7497001884529724,
        "rmse": 0.0396781701093356
      },
      "xgboost": {
        "accuracy": 0.75,
        "rmse": 0.03927514177494818
      },
      "catboost": {
        "accuracy": 0.7490577351379133,
        "rmse": 0.039848211459668575
      },
      "ensemble_avg": {
        "accuracy": 0.7507281137570669,
        "rmse": 0.03943245912777546
      }
    },
    "h30": {
      "lightgbm": {
        "accuracy": 0.6323882131231797,
        "rmse": 0.050685799442765106
      },
      "xgboost": {
        "accuracy": 0.6276768888127463,
        "rmse": 0.050713209941794866
      },
      "catboost": {
        "accuracy": 0.6266061332876478,
        "rmse": 0.050761582906591406
      },
      "ensemble_avg": {
        "accuracy": 0.6288761350008566,
        "rmse": 0.050555117532344505
      }
    },
    "h45": {
      "lightgbm": {
        "accuracy": 0.5057820798355319,
        "rmse": 0.056824385933648344
      },
      "xgboost": {
        "accuracy": 0.5000856604420079,
        "rmse": 0.05701320064036628
      },
      "catboost": {
        "accuracy": 0.5061675518245674,
        "rmse": 0.057013117916686035
      },
      "ensemble_avg": {
        "accuracy": 0.5029552852492719,
        "rmse": 0.05686660395219218
      }
    },
    "h60": {
      "lightgbm": {
        "accuracy": 0.507880760664725,
        "rmse": 0.056933416823700914
      },
      "xgboost": {
        "accuracy": 0.4923762206612986,
        "rmse": 0.05708635993104063
      },
      "catboost": {
        "accuracy": 0.47712866198389586,
        "rmse": 0.056978059137424104
      },
      "ensemble_avg": {
        "accuracy": 0.4851807435326366,
        "rmse": 0.056959070419561476
      }
    },
    "h75": {
      "lightgbm": {
        "accuracy": 0.5008994346410828,
        "rmse": 0.0569738754582103
      },
      "xgboost": {
        "accuracy": 0.5095511392838787,
        "rmse": 0.057129856305756184
      },
      "catboost": {
        "accuracy": 0.4796556450231283,
        "rmse": 0.05695672760344241
      },
      "ensemble_avg": {
        "accuracy": 0.5026126434812404,
        "rmse": 0.056897508527131976
      }
    },
    "h90": {
      "lightgbm": {
        "accuracy": 0.5014990577351379,
        "rmse": 0.056957338900316894
      },
      "xgboost": {
        "accuracy": 0.4946033921535035,
        "rmse": 0.057157175230705355
      },
      "catboost": {
        "accuracy": 0.4969590543087202,
        "rmse": 0.056916905019084536
      },
      "ensemble_avg": {
        "accuracy": 0.5038118896693506,
        "rmse": 0.056881145725702034
      }
    },
    "h105": {
      "lightgbm": {
        "accuracy": 0.5002141511050197,
        "rmse": 0.05690618011492912
      },
      "xgboost": {
        "accuracy": 0.4938324481754326,
        "rmse": 0.05707185119989155
      },
      "catboost": {
        "accuracy": 0.5029981154702758,
        "rmse": 0.05681468764945317
      },
      "ensemble_avg": {
        "accuracy": 0.49952886756895665,
        "rmse": 0.05687174002141997
      }
    }
  },
  "best_horizon": "h15",
  "best_accuracy": 0.7507281137570669,
  "timestamp": "2025-12-09T09:09:20.962039"
}