{
  "pair": "eurusd",
  "split_id": 0,
  "feature_count": 102,
  "results": {
    "h15": {
      "accuracy": 0.7508671522719389,
      "rmse": 0.04009478579480064
    },
    "h30": {
      "accuracy": 0.6291623309053069,
      "rmse": 0.05116606656150508
    },
    "h45": {
      "accuracy": 0.5007804370447451,
      "rmse": 0.057242097391890984
    },
    "h60": {
      "accuracy": 0.47884148456468956,
      "rmse": 0.057268631984914636
    },
    "h75": {
      "accuracy": 0.5218955948664585,
      "rmse": 0.05714400450564056
    },
    "h90": {
      "accuracy": 0.5089316684009713,
      "rmse": 0.057048781314642666
    },
    "h105": {
      "accuracy": 0.5097554630593132,
      "rmse": 0.05699411278970563
    }
  },
  "best_horizon": "h15",
  "best_accuracy": 0.7508671522719389,
  "timestamp": "2025-12-09T10:06:47.690578"
}