{
  "pair": "eurusd",
  "split_id": 0,
  "results": {
    "h15": {
      "lightgbm": {
        "accuracy": 0.7507281137570669
      },
      "xgboost": {
        "accuracy": 0.7491862258009251
      },
      "catboost": {
        "accuracy": 0.7438752783964365
      },
      "avg_ensemble": {
        "accuracy": 0.7494432071269488
      },
      "stacked": {
        "accuracy": 0.7482867911598424
      },
      "meta_weights": [
        1.934766726067551,
        0.052526459341772615,
        -1.0218828546636611
      ]
    },
    "h30": {
      "lightgbm": {
        "accuracy": 0.6258780195305808
      },
      "xgboost": {
        "accuracy": 0.6282336816857975
      },
      "catboost": {
        "accuracy": 0.6255782079835532
      },
      "avg_ensemble": {
        "accuracy": 0.6296042487579236
      },
      "stacked": {
        "accuracy": 0.6101593284221346
      },
      "meta_weights": [
        2.287914067108191,
        -0.06008436718793731,
        -1.3362971167840616
      ]
    },
    "h45": {
      "lightgbm": {
        "accuracy": 0.5262120952544115
      },
      "xgboost": {
        "accuracy": 0.5189737879047456
      },
      "catboost": {
        "accuracy": 0.5062103820455713
      },
      "avg_ensemble": {
        "accuracy": 0.5300668151447662
      },
      "stacked": {
        "accuracy": 0.5174318999486037
      },
      "meta_weights": [
        2.3015524999260055,
        0.24967220788450623,
        -1.6205118765533653
      ]
    },
    "h60": {
      "lightgbm": {
        "accuracy": 0.503597738564331
      },
      "xgboost": {
        "accuracy": 0.5084803837587802
      },
      "catboost": {
        "accuracy": 0.5012420764091142
      },
      "avg_ensemble": {
        "accuracy": 0.497815658728799
      },
      "stacked": {
        "accuracy": 0.5071098166866541
      },
      "meta_weights": [
        2.2290629253277423,
        0.3526905203486614,
        -1.6490178935550412
      ]
    },
    "h75": {
      "lightgbm": {
        "accuracy": 0.5135771800582491
      },
      "xgboost": {
        "accuracy": 0.5095083090628748
      },
      "catboost": {
        "accuracy": 0.49070584204214496
      },
      "avg_ensemble": {
        "accuracy": 0.5055250985095083
      },
      "stacked": {
        "accuracy": 0.5198732225458284
      },
      "meta_weights": [
        2.2543794554825736,
        0.32035677053883066,
        -1.6842414477469592
      ]
    },
    "h90": {
      "lightgbm": {
        "accuracy": 0.5062103820455713
      },
      "xgboost": {
        "accuracy": 0.5010279253040946
      },
      "catboost": {
        "accuracy": 0.49507452458454687
      },
      "avg_ensemble": {
        "accuracy": 0.49751584718177144
      },
      "stacked": {
        "accuracy": 0.5117783107760836
      },
      "meta_weights": [
        2.235121542068146,
        0.393504356814614,
        -1.6713881076849928
      ]
    },
    "h105": {
      "lightgbm": {
        "accuracy": 0.5088658557478156
      },
      "xgboost": {
        "accuracy": 0.517260579064588
      },
      "catboost": {
        "accuracy": 0.49824396093883844
      },
      "avg_ensemble": {
        "accuracy": 0.5085232139797842
      },
      "stacked": {
        "accuracy": 0.5081805722117526
      },
      "meta_weights": [
        2.191191068039985,
        0.45012963377691845,
        -1.7037552435417953
      ]
    }
  },
  "best_horizon": "h15",
  "best_accuracy": 0.7482867911598424,
  "timestamp": "2025-12-09T09:36:20.216761"
}